Point;Alt;Traps;Days;Rich;Site;Region
100ValSessera;1604;5;120;10;ValSessera;NWAlps
101ValSessera;1587;5;120;7;ValSessera;NWAlps
102ValSessera;1628;5;120;10;ValSessera;NWAlps
103ValSessera;1624;5;120;11;ValSessera;NWAlps
104ValSessera;1607;5;120;13;ValSessera;NWAlps
105ValSessera;1603;5;120;10;ValSessera;NWAlps
10ValSessera;1307;5;120;8;ValSessera;NWAlps
11ValSessera;1178;5;120;6;ValSessera;NWAlps
12ValSessera;1125;5;120;5;ValSessera;NWAlps
13ValSessera;1118;5;120;7;ValSessera;NWAlps
14ValSessera;1079;5;120;7;ValSessera;NWAlps
15ValSessera;1622;5;120;4;ValSessera;NWAlps
16ValSessera;1154;5;120;6;ValSessera;NWAlps
17ValSessera;1036;5;120;5;ValSessera;NWAlps
18ValSessera;1086;5;120;7;ValSessera;NWAlps
19ValSessera;1187;5;120;6;ValSessera;NWAlps
1ValSessera;1388;5;120;7;ValSessera;NWAlps
20ValSessera;1052;5;120;7;ValSessera;NWAlps
21ValSessera;1306;5;120;5;ValSessera;NWAlps
22ValSessera;1322;5;120;9;ValSessera;NWAlps
23ValSessera;1338;5;120;7;ValSessera;NWAlps
24ValSessera;1295;5;120;7;ValSessera;NWAlps
25ValSessera;1225;5;120;8;ValSessera;NWAlps
26ValSessera;1250;5;120;7;ValSessera;NWAlps
27ValSessera;1199;5;120;7;ValSessera;NWAlps
28ValSessera;1244;5;120;4;ValSessera;NWAlps
29ValSessera;1216;5;120;9;ValSessera;NWAlps
2ValSessera;1239;5;120;7;ValSessera;NWAlps
30ValSessera;1420;5;120;7;ValSessera;NWAlps
31ValSessera;1502;5;120;8;ValSessera;NWAlps
32ValSessera;1495;5;120;8;ValSessera;NWAlps
33ValSessera;1417;5;120;11;ValSessera;NWAlps
34ValSessera;1169;5;120;6;ValSessera;NWAlps
35ValSessera;1167;5;120;5;ValSessera;NWAlps
36ValSessera;1124;5;120;6;ValSessera;NWAlps
37ValSessera;1185;5;120;6;ValSessera;NWAlps
38ValSessera;1176;5;120;4;ValSessera;NWAlps
39ValSessera;1238;5;120;6;ValSessera;NWAlps
3ValSessera;1568;5;120;10;ValSessera;NWAlps
40ValSessera;1181;5;120;6;ValSessera;NWAlps
41ValSessera;1125;5;120;7;ValSessera;NWAlps
42ValSessera;1104;5;120;6;ValSessera;NWAlps
43ValSessera;1282;5;120;5;ValSessera;NWAlps
44ValSessera;1385;5;120;8;ValSessera;NWAlps
45ValSessera;1205;5;120;4;ValSessera;NWAlps
46ValSessera;1424;5;120;7;ValSessera;NWAlps
47ValSessera;1129;5;120;5;ValSessera;NWAlps
48ValSessera;1081;5;120;6;ValSessera;NWAlps
49ValSessera;1051;5;120;3;ValSessera;NWAlps
4ValSessera;1428;5;120;5;ValSessera;NWAlps
50ValSessera;967;5;120;5;ValSessera;NWAlps
51ValSessera;905;5;120;5;ValSessera;NWAlps
52ValSessera;817;5;120;4;ValSessera;NWAlps
53ValSessera;830;5;120;3;ValSessera;NWAlps
54ValSessera;697;5;120;4;ValSessera;NWAlps
55ValSessera;1246;5;120;4;ValSessera;NWAlps
56ValSessera;1096;5;120;5;ValSessera;NWAlps
57ValSessera;1048;5;120;4;ValSessera;NWAlps
58ValSessera;1411;5;120;3;ValSessera;NWAlps
59ValSessera;1542;5;120;6;ValSessera;NWAlps
5ValSessera;1545;5;120;11;ValSessera;NWAlps
60ValSessera;1492;5;120;5;ValSessera;NWAlps
61ValSessera;1541;5;120;5;ValSessera;NWAlps
62ValSessera;1282;5;120;4;ValSessera;NWAlps
63ValSessera;1156;5;120;5;ValSessera;NWAlps
64ValSessera;1117;5;120;4;ValSessera;NWAlps
65ValSessera;1097;5;120;6;ValSessera;NWAlps
66ValSessera;1061;5;120;9;ValSessera;NWAlps
67ValSessera;1042;5;120;7;ValSessera;NWAlps
68ValSessera;1028;5;120;5;ValSessera;NWAlps
69ValSessera;999;5;120;8;ValSessera;NWAlps
6ValSessera;1491;5;120;11;ValSessera;NWAlps
70ValSessera;1076;5;120;7;ValSessera;NWAlps
71ValSessera;1030;5;120;8;ValSessera;NWAlps
72ValSessera;1055;5;120;9;ValSessera;NWAlps
73ValSessera;1093;5;120;7;ValSessera;NWAlps
74ValSessera;1024;5;120;11;ValSessera;NWAlps
75ValSessera;1166;5;120;5;ValSessera;NWAlps
76ValSessera;1206;5;120;5;ValSessera;NWAlps
77ValSessera;1150;5;120;6;ValSessera;NWAlps
78ValSessera;1156;5;120;6;ValSessera;NWAlps
79ValSessera;1104;5;120;8;ValSessera;NWAlps
7ValSessera;1357;5;120;5;ValSessera;NWAlps
80ValSessera;1102;5;120;8;ValSessera;NWAlps
81ValSessera;1162;5;120;5;ValSessera;NWAlps
82ValSessera;1258;5;120;10;ValSessera;NWAlps
83ValSessera;1301;5;120;11;ValSessera;NWAlps
84ValSessera;1351;5;120;12;ValSessera;NWAlps
85ValSessera;1423;5;120;12;ValSessera;NWAlps
86ValSessera;1160;5;120;9;ValSessera;NWAlps
87ValSessera;1089;5;120;7;ValSessera;NWAlps
88ValSessera;1102;5;120;7;ValSessera;NWAlps
89ValSessera;1147;5;120;7;ValSessera;NWAlps
8ValSessera;1592;5;120;7;ValSessera;NWAlps
90ValSessera;1150;5;120;8;ValSessera;NWAlps
91ValSessera;1314;5;120;7;ValSessera;NWAlps
92ValSessera;1335;5;120;8;ValSessera;NWAlps
93ValSessera;1365;5;120;9;ValSessera;NWAlps
94ValSessera;1341;5;120;9;ValSessera;NWAlps
95ValSessera;1320;5;120;6;ValSessera;NWAlps
96ValSessera;1587;5;120;10;ValSessera;NWAlps
97ValSessera;1647;5;120;10;ValSessera;NWAlps
98ValSessera;1670;5;120;9;ValSessera;NWAlps
99ValSessera;1647;5;120;5;ValSessera;NWAlps
9ValSessera;1279;5;120;6;ValSessera;NWAlps
AAlpiMarittimeLimonePiemonte1;1796;12;90;5;Limone;NWAlps
AAlpiMarittimeLimonePiemonte2;1796;12;90;10;Limone;NWAlps
AltopianodiPinè_PaluFornace;920;15;150;8;Pine;Dolomiti
Argentera(Sestriere)1;2203;7;68;3;Argentera;NWAlps
Argentera(Sestriere)2;2302;8;68;5;Argentera;NWAlps
Argentera(Sestriere)3;2470;3;68;5;Argentera;NWAlps
Argentera(Sestriere)4;2500;3;26;2;Argentera;NWAlps
Argentera(Sestriere)5;2547;3;14;0;Argentera;NWAlps
BAlpiMarittimeLimonePiemonte1;1816;12;90;13;Limone;NWAlps
BAlpiMarittimeLimonePiemonte2;1816;12;90;15;Limone;NWAlps
Bettaforca1_1;2673;4;90;3;Bettaforca;NWAlps
Bettaforca1_2;2673;4;90;5;Bettaforca;NWAlps
Bettaforca10_1;2488;4;90;3;Bettaforca;NWAlps
Bettaforca10_2;2488;4;90;5;Bettaforca;NWAlps
Bettaforca11_1;2460;4;90;7;Bettaforca;NWAlps
Bettaforca11_2;2460;4;90;6;Bettaforca;NWAlps
Bettaforca12_1;2433;4;90;4;Bettaforca;NWAlps
Bettaforca12_2;2433;4;90;4;Bettaforca;NWAlps
Bettaforca2_1;2649;4;90;4;Bettaforca;NWAlps
Bettaforca2_2;2649;4;90;2;Bettaforca;NWAlps
Bettaforca3_1;2625;4;90;6;Bettaforca;NWAlps
Bettaforca3_2;2625;4;90;3;Bettaforca;NWAlps
Bettaforca4_1;2608;4;90;4;Bettaforca;NWAlps
Bettaforca4_2;2608;4;90;2;Bettaforca;NWAlps
Bettaforca5_1;2584;4;90;7;Bettaforca;NWAlps
Bettaforca5_2;2584;4;90;2;Bettaforca;NWAlps
Bettaforca6_1;2560;4;90;9;Bettaforca;NWAlps
Bettaforca6_2;2560;4;90;5;Bettaforca;NWAlps
Bettaforca7_1;2545;4;90;4;Bettaforca;NWAlps
Bettaforca7_2;2545;4;90;4;Bettaforca;NWAlps
Bettaforca8_1;2522;4;90;6;Bettaforca;NWAlps
Bettaforca8_2;2522;4;90;5;Bettaforca;NWAlps
Bettaforca9_1;2507;4;90;6;Bettaforca;NWAlps
Bettaforca9_2;2507;4;90;5;Bettaforca;NWAlps
CAlpiMarittimeLimonePiemonte1;1781;12;90;9;Limone;NWAlps
CAlpiMarittimeLimonePiemonte2;1781;12;90;8;Limone;NWAlps
DAlpiMarittimeLimonePiemonte1;1944;12;90;5;Limone;NWAlps
DAlpiMarittimeLimonePiemonte2;1944;12;90;5;Limone;NWAlps
Gabiet_01F;2758;4;90;5;Gabiet;NWAlps
Gabiet_01P;2758;4;90;3;Gabiet;NWAlps
Gabiet_02F;2744;4;90;3;Gabiet;NWAlps
Gabiet_02P;2744;4;90;2;Gabiet;NWAlps
Gabiet_03F;2713;4;90;7;Gabiet;NWAlps
Gabiet_03P;2713;4;90;5;Gabiet;NWAlps
Gabiet_04F;2654;4;90;9;Gabiet;NWAlps
Gabiet_04P;2654;4;90;6;Gabiet;NWAlps
Gabiet_05F;2606;4;90;5;Gabiet;NWAlps
Gabiet_05P;2606;4;90;6;Gabiet;NWAlps
Gabiet_06F;2567;4;90;4;Gabiet;NWAlps
Gabiet_06P;2567;4;90;7;Gabiet;NWAlps
Gabiet_07F;2485;4;90;9;Gabiet;NWAlps
Gabiet_07P;2485;4;90;6;Gabiet;NWAlps
Gabiet_08F;2487;4;90;6;Gabiet;NWAlps
Gabiet_08P;2487;4;90;9;Gabiet;NWAlps
Gabiet_09F;2468;4;90;10;Gabiet;NWAlps
Gabiet_09P;2468;4;90;8;Gabiet;NWAlps
Gabiet_10F;2463;4;90;6;Gabiet;NWAlps
Gabiet_10P;2463;4;90;6;Gabiet;NWAlps
Gabiet_11F;2458;4;90;7;Gabiet;NWAlps
Gabiet_11P;2458;4;90;7;Gabiet;NWAlps
Gabiet_12F;2458;4;90;7;Gabiet;NWAlps
Gabiet_12P;2458;4;90;4;Gabiet;NWAlps
Gressoney_01B;1442;3;21;8;Gressoney;NWAlps
Gressoney_01P;1442;3;21;11;Gressoney;NWAlps
Gressoney_01PA;1442;3;21;7;Gressoney;NWAlps
Gressoney_02B;1556;3;21;8;Gressoney;NWAlps
Gressoney_02P;1556;3;21;13;Gressoney;NWAlps
Gressoney_02PA;1556;3;21;12;Gressoney;NWAlps
Gressoney_02Pi;1556;3;21;4;Gressoney;NWAlps
Gressoney_03B;1633;3;21;6;Gressoney;NWAlps
Gressoney_03P;1633;3;21;11;Gressoney;NWAlps
Gressoney_04B;1704;3;21;6;Gressoney;NWAlps
Gressoney_04P;1704;3;21;9;Gressoney;NWAlps
Gressoney_05B;1776;3;21;1;Gressoney;NWAlps
Gressoney_05P;1776;3;21;2;Gressoney;NWAlps
Gressoney_06B;1872;3;21;2;Gressoney;NWAlps
Gressoney_06P;1872;3;21;3;Gressoney;NWAlps
Gressoney_07B;1454;3;21;6;Gressoney;NWAlps
Gressoney_07P;1454;3;21;11;Gressoney;NWAlps
Gressoney_08B;1432;3;21;12;Gressoney;NWAlps
Gressoney_08PA;1432;3;21;8;Gressoney;NWAlps
Gressoney_09B;1443;3;21;5;Gressoney;NWAlps
Gressoney_09PA;1443;3;21;10;Gressoney;NWAlps
Gressoney_10B;1414;3;21;4;Gressoney;NWAlps
Gressoney_10PA;1414;3;21;8;Gressoney;NWAlps
Gressoney_11B;1437;3;21;5;Gressoney;NWAlps
Gressoney_11PA;1437;3;21;8;Gressoney;NWAlps
Gressoney1;1959;6;64;5;Gressoney2;NWAlps
Gressoney2;2135;7;64;11;Gressoney2;NWAlps
Gressoney3;2400;2;64;3;Gressoney2;NWAlps
Gressoney4;2772;6;64;2;Gressoney2;NWAlps
Laas_BZ_3.1;776;5;120;10;Laas;AdamelloBrenta
Laas_BZ_3.2;945;5;110;12;Laas;AdamelloBrenta
Laas_BZ_3.3;1174;5;110;6;Laas;AdamelloBrenta
Laas_BZ_3.4;1315;5;110;24;Laas;AdamelloBrenta
Laas_BZ_3.5;1639;5;110;7;Laas;AdamelloBrenta
Laas_BZ_3.6;1796;5;110;8;Laas;AdamelloBrenta
Laas_BZ_3.7;1999;5;110;3;Laas;AdamelloBrenta
Laas_BZ_3.8;2189;5;110;8;Laas;AdamelloBrenta
Lourusa1;1980;12;100;12;Lourusa;NWAlps
Lourusa2;1984;12;100;5;Lourusa;NWAlps
Lourusa3;1987;12;100;4;Lourusa;NWAlps
Lourusa4;1992;12;100;8;Lourusa;NWAlps
MonteBianco_Miage_A;2230;6;90;1;Bianco;NWAlps
MonteBianco_Miage_B;2150;6;90;1;Bianco;NWAlps
MonteBianco_Miage_C;1870;6;90;1;Bianco;NWAlps
MonteBianco_Miage_D;1850;6;90;1;Bianco;NWAlps
MonteBianco_Miage_E;1830;6;90;5;Bianco;NWAlps
MonteBianco_Miage_F;1640;6;90;8;Bianco;NWAlps
MonteRosa_Olen_DT;2740;6;45;3;Rosa;NWAlps
MonteRosa_Olen_RG;2740;6;45;2;Rosa;NWAlps
MonteRosa_Olen_VE;2740;6;45;4;Rosa;NWAlps
SanMartinodiCastrozzaAP;1000;5;59;13;Castrozza;Dolomiti
SanMartinodiCastrozzaAV;1945;5;70;7;Castrozza;Dolomiti
SanMartinodiCastrozzaCC1;2350;4;80;2;Castrozza;Dolomiti
SanMartinodiCastrozzaCC2;2460;4;80;5;Castrozza;Dolomiti
SanMartinodiCastrozzaCCL;2350;4;80;3;Castrozza;Dolomiti
SanMartinodiCastrozzaEP;1040;4;59;5;Castrozza;Dolomiti
SanMartinodiCastrozzaF1;2200;6;80;12;Castrozza;Dolomiti
SanMartinodiCastrozzaF2;2250;6;80;6;Castrozza;Dolomiti
SanMartinodiCastrozzaFA;1270;6;80;6;Castrozza;Dolomiti
SanMartinodiCastrozzaFH1;2230;5;49;10;Castrozza;Dolomiti
SanMartinodiCastrozzaFH2;2245;5;49;10;Castrozza;Dolomiti
SanMartinodiCastrozzaFH3;2175;3;49;5;Castrozza;Dolomiti
SanMartinodiCastrozzaFV1;2125;5;60;8;Castrozza;Dolomiti
SanMartinodiCastrozzaFV2;2450;5;70;6;Castrozza;Dolomiti
SanMartinodiCastrozzaL;1870;6;80;9;Castrozza;Dolomiti
SanMartinodiCastrozzaNA1;2170;5;66;13;Castrozza;Dolomiti
SanMartinodiCastrozzaNA2;1910;4;66;14;Castrozza;Dolomiti
SanMartinodiCastrozzaPM;1100;5;59;16;Castrozza;Dolomiti
SanMartinodiCastrozzaPS1;1650;5;80;7;Castrozza;Dolomiti
SanMartinodiCastrozzaPS2;1780;6;80;5;Castrozza;Dolomiti
SanMartinodiCastrozzaRC;2000;6;40;5;Castrozza;Dolomiti
SanMartinodiCastrozzaRM;1920;5;80;6;Castrozza;Dolomiti
SanMartinodiCastrozzaSe1;2200;5;34;13;Castrozza;Dolomiti
SanMartinodiCastrozzaSe2;2200;3;34;11;Castrozza;Dolomiti
SanMartinodiCastrozzaSe3;2200;5;34;10;Castrozza;Dolomiti
SanMartinodiCastrozzaSM;1400;3;150;5;Castrozza;Dolomiti
SanMartinodiCastrozzaVV1;2000;5;67;5;Castrozza;Dolomiti
SanMartinodiCastrozzaVV2;1950;5;67;7;Castrozza;Dolomiti
SanMartinodiCastrozzaVV3;1800;5;67;9;Castrozza;Dolomiti
Sobretta_Gavia_LO_4.1;1422;5;140;14;Sobretta;AdamelloBrenta
Sobretta_Gavia_LO_4.2;1645;5;140;5;Sobretta;AdamelloBrenta
Sobretta_Gavia_LO_4.3;1807;5;140;12;Sobretta;AdamelloBrenta
Sobretta_Gavia_LO_4.5;2175;5;140;14;Sobretta;AdamelloBrenta
Sobretta_Gavia_LO_4.6;2464;5;110;6;Sobretta;AdamelloBrenta
Sobretta_Gavia_LO_4.7;2690;5;110;7;Sobretta;AdamelloBrenta
Stilfs_BZ_1.1;1040;5;100;5;Stilfs;AdamelloBrenta
Stilfs_BZ_1.3_1;1587;5;110;7;Stilfs;AdamelloBrenta
Stilfs_BZ_1.3_2;1465;5;110;16;Stilfs;AdamelloBrenta
Stilfs_BZ_1.5;1818;5;110;6;Stilfs;AdamelloBrenta
Stilfs_BZ_1.6;1996;5;110;6;Stilfs;AdamelloBrenta
Stilfs_BZ_1.7;2185;5;110;10;Stilfs;AdamelloBrenta
Stilfs_BZ_1.8;2375;5;110;8;Stilfs;AdamelloBrenta
Torgnon_01B;1862;3;21;6;Torgnon;NWAlps
Torgnon_01P;1862;3;21;2;Torgnon;NWAlps
Torgnon_01PA;1862;3;21;2;Torgnon;NWAlps
Torgnon_02B;1897;3;21;1;Torgnon;NWAlps
Torgnon_02P;1897;3;21;2;Torgnon;NWAlps
Torgnon_03B;1942;3;21;4;Torgnon;NWAlps
Torgnon_03P;1942;3;21;0;Torgnon;NWAlps
Torgnon_04B;1984;3;21;2;Torgnon;NWAlps
Torgnon_04P;1984;3;21;3;Torgnon;NWAlps
Torgnon_05B;2035;3;21;2;Torgnon;NWAlps
Torgnon_05P;2035;3;21;3;Torgnon;NWAlps
Torgnon_06B;2046;3;21;2;Torgnon;NWAlps
Torgnon_06P;2046;3;21;5;Torgnon;NWAlps
Torgnon_07B;2022;3;21;3;Torgnon;NWAlps
Torgnon_07P;2022;3;21;3;Torgnon;NWAlps
Torgnon_08B;1978;3;21;6;Torgnon;NWAlps
Torgnon_08P;1978;3;21;3;Torgnon;NWAlps
Torgnon_09B;1936;3;21;0;Torgnon;NWAlps
Torgnon_09P;1936;3;21;2;Torgnon;NWAlps
Torgnon_09PA;1936;3;21;2;Torgnon;NWAlps
Torgnon_10B;1880;3;21;3;Torgnon;NWAlps
Torgnon_10P;1880;3;21;10;Torgnon;NWAlps
Torgnon_11B;1911;3;21;3;Torgnon;NWAlps
Torgnon_11P;1911;3;21;2;Torgnon;NWAlps
Torgnon_12B;1946;3;21;4;Torgnon;NWAlps
Torgnon_12P;1946;3;21;4;Torgnon;NWAlps
Torgnon_13B;1962;3;21;3;Torgnon;NWAlps
Torgnon_13P;1962;3;21;7;Torgnon;NWAlps
Torgnon_14B;1967;3;21;2;Torgnon;NWAlps
Torgnon_14P;1967;3;21;2;Torgnon;NWAlps
Torgnon_15B;1954;3;21;3;Torgnon;NWAlps
Torgnon_15P;1954;3;21;5;Torgnon;NWAlps
Torgnon_16B;1930;3;21;3;Torgnon;NWAlps
Torgnon_16P;1930;3;21;5;Torgnon;NWAlps
Torgnon_17B;1908;3;21;4;Torgnon;NWAlps
Torgnon_17P;1908;3;21;3;Torgnon;NWAlps
Torgnon_18B;1912;3;21;6;Torgnon;NWAlps
Torgnon_18P;1912;3;21;4;Torgnon;NWAlps
Torgnon_19B;1935;3;21;2;Torgnon;NWAlps
Torgnon_19P;1935;3;21;8;Torgnon;NWAlps
Torgnon_20B;2095;3;21;3;Torgnon;NWAlps
Torgnon_20P;2095;3;21;2;Torgnon;NWAlps
Torgnon_21B;2061;3;21;4;Torgnon;NWAlps
Torgnon_21P;2061;3;21;3;Torgnon;NWAlps
Torgnon_22B;2041;3;21;5;Torgnon;NWAlps
Torgnon_22P;2041;3;21;5;Torgnon;NWAlps
Torgnon_23B;2141;3;21;5;Torgnon;NWAlps
Torgnon_23P;2141;3;21;4;Torgnon;NWAlps
ValCedec_Pasquale_11;2712;6;90;6;Cedec;AdamelloBrenta
ValCedec_Pasquale_12;2706;6;90;7;Cedec;AdamelloBrenta
ValCedec_Pasquale_13;2690;6;90;2;Cedec;AdamelloBrenta
ValCedec_Pasquale_14;2702;6;90;3;Cedec;AdamelloBrenta
ValCedec_Pasquale_15;2727;6;90;3;Cedec;AdamelloBrenta
Vald_Amola_Amola_D;2400;3;90;5;Amola;AdamelloBrenta
Vald_Amola_Amola_E;2400;3;90;6;Amola;AdamelloBrenta
Vald_Amola_Amola_F;2420;3;90;7;Amola;AdamelloBrenta
Vald_Amola_Amola_Fb;2375;3;90;2;Amola;AdamelloBrenta
Vald_Amola_Amola_G;2630;3;90;1;Amola;AdamelloBrenta
Vald_Amola_Amola_H;2680;3;90;0;Amola;AdamelloBrenta
Vald_Amola_Amola_I;2540;3;90;2;Amola;AdamelloBrenta
Vald_Amola_Amola_L;2520;3;90;6;Amola;AdamelloBrenta
Vald_Amola_Amola_M;2505;3;90;9;Amola;AdamelloBrenta
Vald_Amola_Amola_N;2649;3;90;0;Amola;AdamelloBrenta
Vald_Amola_Amola_O;2609;3;90;1;Amola;AdamelloBrenta
Vald_Amola_Amola_P;2641;3;90;3;Amola;AdamelloBrenta
Vald_Amola_Amola_Q;2535;3;90;8;Amola;AdamelloBrenta
Vald_Amola_Amola_R;2475;3;90;6;Amola;AdamelloBrenta
Vald_Amola_Amola_S;2426;3;90;7;Amola;AdamelloBrenta
Vald_Ultimo_BZ_4.1;1797;5;120;2;Ultimo;AdamelloBrenta
Vald_Ultimo_BZ_4.2;1987;5;120;5;Ultimo;AdamelloBrenta
Valdidentro_Ables_LO_1.2;1623;5;140;8;Valdidentro;AdamelloBrenta
Valdidentro_Ables_LO_1.3;1822;5;140;6;Valdidentro;AdamelloBrenta
Valdidentro_Ables_LO_1.4;2000;5;140;6;Valdidentro;AdamelloBrenta
ValdiPeio_Borche;1760;15;150;11;Peio;AdamelloBrenta
ValdiPeio_Covel;1840;15;150;24;Peio;AdamelloBrenta
ValdiPeio_CroceDeiBagni;1690;15;150;30;Peio;AdamelloBrenta
ValdiPeio_CTRMarmotte;2790;3;40;6;Peio;AdamelloBrenta
ValdiPeio_DossCembri;2290;15;90;13;Peio;AdamelloBrenta
ValdiPeio_FrattaSecca;1590;15;150;14;Peio;AdamelloBrenta
ValdiPeio_LagodiCovel;1850;15;150;9;Peio;AdamelloBrenta
ValdiPeio_Noce;1257;15;150;24;Peio;AdamelloBrenta
ValdiPeio_Pontevecchio;1760;15;150;6;Peio;AdamelloBrenta
ValdiPeio_Prabon;1870;15;150;14;Peio;AdamelloBrenta
ValdiPeio_RGMarmotte;2840;3;40;3;Peio;AdamelloBrenta
ValdiPeio_Ronc;1740;15;150;16;Peio;AdamelloBrenta
ValdiPeio_Seroden;2200;15;90;13;Peio;AdamelloBrenta
ValdiPeio_TN_1.1;1175;5;130;21;Peio;AdamelloBrenta
ValdiPeio_TN_1.2;1437;5;130;19;Peio;AdamelloBrenta
ValdiPeio_TN_1.3;1577;5;130;18;Peio;AdamelloBrenta
ValdiPeio_TN_1.4;1741;5;130;12;Peio;AdamelloBrenta
ValdiPeio_TN_1.5;1999;5;130;4;Peio;AdamelloBrenta
ValdiPeio_TN_1.6;2162;5;100;4;Peio;AdamelloBrenta
ValdiPeio_TN_1.7;2429;5;100;11;Peio;AdamelloBrenta
ValdiPeio_TN_1.8;2615;5;60;3;Peio;AdamelloBrenta
ValdiRabbi_Aret;1600;15;150;20;Rabbi;AdamelloBrenta
ValdiRabbi_ColerFontanino;1390;15;150;29;Rabbi;AdamelloBrenta
ValdiRabbi_Foresteria;1284;15;150;17;Rabbi;AdamelloBrenta
ValdiRabbi_FratteBasse;1460;15;150;23;Rabbi;AdamelloBrenta
ValdiRabbi_GiochiColer;1490;15;150;13;Rabbi;AdamelloBrenta
ValdiRabbi_MaledaAlta;1930;15;150;7;Rabbi;AdamelloBrenta
ValdiRabbi_MaledaBassa;1650;15;150;24;Rabbi;AdamelloBrenta
ValdiRabbi_MonteSole;2080;15;90;5;Rabbi;AdamelloBrenta
ValdiRabbi_Plan;1250;15;150;19;Rabbi;AdamelloBrenta
ValdiRabbi_Pozzatine;1750;15;150;18;Rabbi;AdamelloBrenta
ValdiRabbi_TN_2.1;1563;5;130;14;Rabbi;AdamelloBrenta
ValdiRabbi_TN_2.2;1718;5;130;10;Rabbi;AdamelloBrenta
ValdiRabbi_TN_2.3;2008;5;130;4;Rabbi;AdamelloBrenta
ValdiRabbi_TN_2.4;2108;5;130;8;Rabbi;AdamelloBrenta
ValdiRabbi_TN_2.5.3;2177;5;110;0;Rabbi;AdamelloBrenta
ValdiRabbi_TN_2.6;2381;5;90;7;Rabbi;AdamelloBrenta
ValdiRabbi_TN_2.7;2636;5;90;3;Rabbi;AdamelloBrenta
ValdiSole_Croviana_0nt.6;734;3;120;5;Sole;AdamelloBrenta
ValdiSole_Croviana_Ont.1;714;3;120;21;Sole;AdamelloBrenta
ValdiSole_Croviana_Ont.2;721;3;120;15;Sole;AdamelloBrenta
ValdiSole_Croviana_Ont.3;727;3;120;14;Sole;AdamelloBrenta
ValGrande(Lanzo)1;1753;5;74;0;Lanzo;NWAlps
ValGrande(Lanzo)2;1875;8;74;3;Lanzo;NWAlps
ValGrande(Lanzo)3;2180;6;74;5;Lanzo;NWAlps
ValGrande_LO_5.1;1493;5;130;15;Grande;AdamelloBrenta
ValGrande_LO_5.3;1792;5;130;8;Grande;AdamelloBrenta
ValGrande_LO_6.2;2038;5;110;13;Grande;AdamelloBrenta
ValGrande_LO_6.3;2193;5;120;7;Grande;AdamelloBrenta
ValGrande_LO_6.4;2401;5;100;5;Grande;AdamelloBrenta
ValGrande_LO_6.5;2615;5;100;5;Grande;AdamelloBrenta
ValledeiForni_Forni_1;2491;6;90;4;Forni;AdamelloBrenta
ValledeiForni_Forni_10;2624;6;90;1;Forni;AdamelloBrenta
ValledeiForni_Forni_16;2442;6;90;3;Forni;AdamelloBrenta
ValledeiForni_Forni_17;2442;6;90;3;Forni;AdamelloBrenta
ValledeiForni_Forni_18;2590;6;90;2;Forni;AdamelloBrenta
ValledeiForni_Forni_2;2646;6;90;5;Forni;AdamelloBrenta
ValledeiForni_Forni_3;2149;6;90;13;Forni;AdamelloBrenta
ValledeiForni_Forni_4;2179;6;90;12;Forni;AdamelloBrenta
ValledeiForni_Forni_5;2195;6;90;8;Forni;AdamelloBrenta
ValledeiForni_Forni_6;2231;6;90;7;Forni;AdamelloBrenta
ValledeiForni_Forni_7;2316;6;90;7;Forni;AdamelloBrenta
ValledeiForni_Forni_8;2335;6;90;2;Forni;AdamelloBrenta
ValledeiForni_Forni_9;2509;6;90;2;Forni;AdamelloBrenta
ValledelBraulio_LO_2.1;2190;5;100;6;Braulio;AdamelloBrenta
ValledelBraulio_LO_2.2;2412;5;100;5;Braulio;AdamelloBrenta
ValledelBraulio_LO_2.4;2408;5;100;5;Braulio;AdamelloBrenta
ValledelBraulio_LO_2.5;2625;5;100;3;Braulio;AdamelloBrenta
Valletta1;1678;12;100;16;Valletta;NWAlps
Valletta2;1735;12;100;8;Valletta;NWAlps
Valletta3;1767;12;100;2;Valletta;NWAlps
Valletta4;1771;12;100;18;Valletta;NWAlps
Valletta5;1800;12;100;3;Valletta;NWAlps
ValMartello_BZ_2.1;812;5;120;6;Martello;AdamelloBrenta
ValMartello_BZ_2.10;2591;5;120;3;Martello;AdamelloBrenta
ValMartello_BZ_2.2;1040;5;100;19;Martello;AdamelloBrenta
ValMartello_BZ_2.3;1267;5;110;10;Martello;AdamelloBrenta
ValMartello_BZ_2.6;1797;5;130;10;Martello;AdamelloBrenta
ValMartello_BZ_2.7;1969;5;110;10;Martello;AdamelloBrenta
ValMartello_BZ_2.8;2195;5;120;5;Martello;AdamelloBrenta
ValMartello_BZ_2.9;2402;5;110;4;Martello;AdamelloBrenta
ValMartrllo_BZ_2.5;1627;5;120;13;Martello;AdamelloBrenta
ValZebru_Valfurva_LO_3.1;1540;5;140;7;Zebru;AdamelloBrenta
ValZebru_Valfurva_LO_3.2;1734;5;140;9;Zebru;AdamelloBrenta
ValZebru_Valfurva_LO_3.3;1877;5;110;5;Zebru;AdamelloBrenta
ValZebru_Valfurva_LO_3.4;2243;5;110;7;Zebru;AdamelloBrenta
ValZebru_Valfurva_LO_3.5;1907;5;140;9;Zebru;AdamelloBrenta
VettediFeltreAd;1980;6;140;16;Feltre;Dolomiti
VettediFeltreA-H;1970;4;140;17;Feltre;Dolomiti
VettediFeltreAo1;1950;6;140;8;Feltre;Dolomiti
VettediFeltreAo2;2120;6;140;16;Feltre;Dolomiti
VettediFeltreAo3;2080;3;140;13;Feltre;Dolomiti
VettediFeltredia1;2160;3;140;12;Feltre;Dolomiti
VettediFeltredia2;2050;5;140;12;Feltre;Dolomiti
VettediFeltreNa;1950;6;60;11;Feltre;Dolomiti
VettediFeltreRu;1950;6;60;11;Feltre;Dolomiti
VettediFeltreSC1;2160;5;140;14;Feltre;Dolomiti
VettediFeltreSC2;2100;6;140;17;Feltre;Dolomiti
VettediFeltreSC3;2080;3;140;13;Feltre;Dolomiti
VettediFeltreSC4;2090;4;140;15;Feltre;Dolomiti
VettediFeltreSC5;2090;5;140;18;Feltre;Dolomiti
